,Algorithm,R2,RMSE,MSE,MAE
0,Long Short Term Memory networks,0.9275041595554104,3.054204696843571,9.32816633022133,2.336479025827327
1,Linear Regression,0.9221530659161243,3.164917200975125,10.016700889028218,2.461923120372945
2,Support Vector Regression,0.9220310017120052,3.1673975284503135,10.032407103233155,2.4826673770931627
