,Algorithm,R2,RMSE,MSE,MAE
0,Long Short Term Memory networks,0.8801321559874066,3.0678551726475884,9.411735360340565,2.378322844809674
1,Linear Regression,0.8708096483584039,3.184920137147605,10.143716280008316,2.5222283687785727
2,Support Vector Regression,0.8697383388260539,3.1980983306852124,10.227832932731543,2.522297613355945
