,Algorithm,R2,RMSE,MSE,MAE
0,Long Short Term Memory networks,0.882695295561378,3.034444453769384,9.207853143011775,2.349168709829344
1,Linear Regression,0.8707441244949056,3.185272734163578,10.145962391005915,2.5228666406785063
2,Super Vector Regression,0.8696848246719487,3.198298346705562,10.229112314539531,2.5229358852558788
